sample_idx,true_label,pred_label,pred_class,confidence,conf_0,conf_1,conf_2,conf_3
1037,left_hand,left_hand,1,0.9085415601730347,0.061417706,0.90854156,7.694314e-06,0.030032983
1038,left_hand,left_hand,1,0.9115392565727234,0.055702757,0.91153926,7.984143e-06,0.032750025
1039,left_hand,left_hand,1,0.910236120223999,0.05371058,0.9102361,8.906505e-06,0.036044363
1040,left_hand,left_hand,1,0.9001439213752747,0.05182142,0.9001439,9.322345e-06,0.048025303
1041,left_hand,left_hand,1,0.8966905474662781,0.050092693,0.89669055,8.998425e-06,0.0532078
1042,left_hand,left_hand,1,0.8942570090293884,0.050317045,0.894257,7.88639e-06,0.05541803
1043,left_hand,left_hand,1,0.9000648260116577,0.04385383,0.9000648,6.9706825e-06,0.056074377
1044,left_hand,left_hand,1,0.9054804444313049,0.035547048,0.90548044,7.1441405e-06,0.058965445
1045,left_hand,left_hand,1,0.9046815633773804,0.035815746,0.90468156,7.307642e-06,0.059495486
1046,left_hand,left_hand,1,0.9031239151954651,0.033486106,0.9031239,7.9042275e-06,0.06338203
1047,left_hand,left_hand,1,0.9145625233650208,0.02810808,0.9145625,7.2258576e-06,0.057322126
1048,left_hand,left_hand,1,0.921950101852417,0.024860991,0.9219501,6.9543034e-06,0.05318189
1049,left_hand,left_hand,1,0.921133816242218,0.026609143,0.9211338,7.1587842e-06,0.052249935
1050,left_hand,left_hand,1,0.9143790006637573,0.031364758,0.914379,8.0627615e-06,0.05424824
1051,left_hand,left_hand,1,0.9109064936637878,0.03360035,0.9109065,7.9703195e-06,0.055485133
1052,left_hand,left_hand,1,0.9095180630683899,0.03490782,0.90951806,8.626492e-06,0.05556549
1053,left_hand,left_hand,1,0.9214550256729126,0.025571063,0.921455,7.4354484e-06,0.05296641
1054,left_hand,left_hand,1,0.9265686869621277,0.020876441,0.9265687,6.207569e-06,0.052548643
1055,left_hand,left_hand,1,0.9223349690437317,0.019580606,0.92233497,6.194528e-06,0.058078256
1056,left_hand,left_hand,1,0.9157779216766357,0.016600791,0.9157779,6.612409e-06,0.067614704
1057,left_hand,left_hand,1,0.9219492673873901,0.0142867025,0.92194927,6.613088e-06,0.06375742
1058,left_hand,left_hand,1,0.9340019822120667,0.0118931625,0.934002,5.8015257e-06,0.054099
1059,left_hand,left_hand,1,0.9367817640304565,0.011210275,0.93678176,5.278427e-06,0.05200266
1060,left_hand,left_hand,1,0.9378191232681274,0.010390624,0.9378191,4.805428e-06,0.051785506
1061,left_hand,left_hand,1,0.9400084614753723,0.009883914,0.94000846,4.6403297e-06,0.050103
1062,left_hand,left_hand,1,0.9483565092086792,0.008966698,0.9483565,4.106301e-06,0.042672668
1063,left_hand,left_hand,1,0.950092077255249,0.008369622,0.9500921,4.5652755e-06,0.04153374
1064,left_hand,left_hand,1,0.9543547034263611,0.007734635,0.9543547,4.4367457e-06,0.03790628
1065,left_hand,left_hand,1,0.962019145488739,0.0068787425,0.96201915,3.5714957e-06,0.031098574
1066,left_hand,left_hand,1,0.9680449366569519,0.0061259447,0.96804494,3.1483953e-06,0.0258259
1067,left_hand,left_hand,1,0.9704813361167908,0.0058447993,0.97048134,2.6975222e-06,0.023671199
1068,left_hand,left_hand,1,0.9727405309677124,0.005866504,0.97274053,2.4361766e-06,0.021390488
1069,left_hand,left_hand,1,0.9755421876907349,0.0054138564,0.9755422,2.344897e-06,0.019041754
1070,left_hand,left_hand,1,0.9759231805801392,0.0056468146,0.9759232,2.157263e-06,0.01842793
1071,left_hand,left_hand,1,0.9749433994293213,0.005189794,0.9749434,1.9597587e-06,0.019864874
1072,left_hand,left_hand,1,0.9767342805862427,0.0038544787,0.9767343,1.6963313e-06,0.019409632
1073,left_hand,left_hand,1,0.9797155857086182,0.0028733416,0.9797156,1.4109099e-06,0.017409675
1074,left_hand,left_hand,1,0.9819691777229309,0.002610387,0.9819692,1.1990945e-06,0.015419253
1075,left_hand,left_hand,1,0.9822293519973755,0.0024652076,0.98222935,1.1766188e-06,0.015304246
1076,left_hand,left_hand,1,0.9826132655143738,0.0023185636,0.98261327,1.2646685e-06,0.015066966
1077,left_hand,left_hand,1,0.9825813174247742,0.0023970883,0.9825813,1.2242328e-06,0.015020458
1078,left_hand,left_hand,1,0.980376124382019,0.0024157325,0.9803761,1.2445985e-06,0.017206825
1079,left_hand,left_hand,1,0.9811980128288269,0.0023914364,0.981198,1.1745977e-06,0.016409406
1080,left_hand,left_hand,1,0.9781064987182617,0.0025469214,0.9781065,1.3284472e-06,0.019345246
1081,left_hand,left_hand,1,0.9785541892051697,0.0023426278,0.9785542,1.312592e-06,0.019101864
1082,left_hand,left_hand,1,0.9780197143554688,0.0022354343,0.9780197,1.3129488e-06,0.019743536
1083,left_hand,left_hand,1,0.9773609638214111,0.0022739463,0.97736096,1.3283502e-06,0.020363769
1084,left_hand,left_hand,1,0.9773536920547485,0.0022224332,0.9773537,1.2130704e-06,0.020422654
1085,left_hand,left_hand,1,0.9782885313034058,0.002383779,0.97828853,1.175825e-06,0.019326547
1086,left_hand,left_hand,1,0.9769647121429443,0.0025064913,0.9769647,1.2925667e-06,0.020527523
1087,left_hand,left_hand,1,0.9770236611366272,0.0025466932,0.97702366,1.3676338e-06,0.02042826
1088,left_hand,left_hand,1,0.9765130877494812,0.002761599,0.9765131,1.5138527e-06,0.020723797
1089,left_hand,left_hand,1,0.974698007106781,0.003065007,0.974698,1.8706713e-06,0.022234999
1090,left_hand,left_hand,1,0.9719921350479126,0.0034476824,0.97199214,2.1715234e-06,0.024558023
1091,left_hand,left_hand,1,0.9716401696205139,0.004087745,0.97164017,2.2512613e-06,0.024269793
1092,left_hand,left_hand,1,0.9771585464477539,0.0033500057,0.97715855,1.7896513e-06,0.019489702
1093,left_hand,left_hand,1,0.9776352643966675,0.003040781,0.97763526,1.7798616e-06,0.01932218
1094,left_hand,left_hand,1,0.9756336212158203,0.003334004,0.9756336,1.8855983e-06,0.02103051
1095,left_hand,left_hand,1,0.97275710105896,0.0036519915,0.9727571,2.0303387e-06,0.02358886
1096,left_hand,left_hand,1,0.9726833701133728,0.0036317105,0.97268337,2.0280252e-06,0.023682926
1097,left_hand,left_hand,1,0.9706326127052307,0.003896949,0.9706326,2.1193223e-06,0.02546837
1098,left_hand,left_hand,1,0.9701634049415588,0.004378396,0.9701634,2.2963447e-06,0.02545596
1099,left_hand,left_hand,1,0.9690500497817993,0.004799049,0.96905005,2.55593e-06,0.026148325
1100,left_hand,left_hand,1,0.9685832262039185,0.004940976,0.9685832,2.7385865e-06,0.02647304
1101,left_hand,left_hand,1,0.9707698822021484,0.004402338,0.9707699,2.506693e-06,0.024825247
1102,left_hand,left_hand,1,0.9722622632980347,0.0044490956,0.97226226,2.437916e-06,0.023286097
1103,left_hand,left_hand,1,0.9726518988609314,0.0046510748,0.9726519,2.6274272e-06,0.02269441
1104,left_hand,left_hand,1,0.9738017916679382,0.004778207,0.9738018,2.7830565e-06,0.02141719
1105,left_hand,left_hand,1,0.9740902185440063,0.0047382405,0.9740902,3.0117442e-06,0.02116857
1106,left_hand,left_hand,1,0.9736220836639404,0.004843347,0.9736221,2.9029554e-06,0.021531682
1107,left_hand,left_hand,1,0.9753355979919434,0.0046330094,0.9753356,2.6739117e-06,0.020028692
1108,left_hand,left_hand,1,0.9759677648544312,0.0047832592,0.97596776,2.4846195e-06,0.019246502
1109,left_hand,left_hand,1,0.9747552275657654,0.005330036,0.9747552,2.5808038e-06,0.019912161
1110,left_hand,left_hand,1,0.972222626209259,0.0052826973,0.9722226,2.7185927e-06,0.022491967
1111,left_hand,left_hand,1,0.9661461114883423,0.005809013,0.9661461,3.058896e-06,0.028041815
1112,left_hand,left_hand,1,0.9635377526283264,0.006167832,0.96353775,3.2490907e-06,0.030291108
1113,left_hand,left_hand,1,0.963483989238739,0.0061082826,0.963484,3.098399e-06,0.030404659
1114,left_hand,left_hand,1,0.9637615084648132,0.006404994,0.9637615,3.0547583e-06,0.02983042
1115,left_hand,left_hand,1,0.9623432159423828,0.007068745,0.9623432,3.0628498e-06,0.030584995
1116,left_hand,left_hand,1,0.9610069990158081,0.007338999,0.961007,3.1687002e-06,0.031650778
1117,feet,left_hand,1,0.9610163569450378,0.0071132644,0.96101636,3.038917e-06,0.031867404
1118,feet,left_hand,1,0.9624560475349426,0.0066632484,0.96245605,2.9130722e-06,0.030877858
1119,feet,left_hand,1,0.9656727313995361,0.0063906675,0.96567273,3.1304567e-06,0.027933354
1120,feet,left_hand,1,0.9649757146835327,0.006268264,0.9649757,3.2282294e-06,0.028752768
1121,feet,left_hand,1,0.964292585849762,0.0059684245,0.9642926,3.2044986e-06,0.029735759
1122,feet,left_hand,1,0.9656978845596313,0.0065122256,0.9656979,3.167464e-06,0.027786812
1123,feet,left_hand,1,0.9636927247047424,0.006677459,0.9636927,3.1271288e-06,0.02962666
1124,feet,left_hand,1,0.9614859223365784,0.006669428,0.9614859,3.2250719e-06,0.031841442
1125,feet,left_hand,1,0.9595625400543213,0.0064075943,0.95956254,3.0046083e-06,0.034026917
1126,feet,left_hand,1,0.9578620195388794,0.0060515073,0.957862,2.953229e-06,0.03608344
1127,feet,left_hand,1,0.9590249061584473,0.005740063,0.9590249,2.6563039e-06,0.03523232
1128,feet,left_hand,1,0.9577244520187378,0.0059143347,0.95772445,2.6875264e-06,0.03635846
1129,feet,left_hand,1,0.9508718848228455,0.0066617816,0.9508719,3.0729223e-06,0.042463355
1130,feet,left_hand,1,0.9467416405677795,0.007647059,0.94674164,3.4032366e-06,0.045607883
1131,feet,left_hand,1,0.9445416927337646,0.007915194,0.9445417,3.3140861e-06,0.047539786
1132,feet,left_hand,1,0.9457480907440186,0.008010504,0.9457481,3.5405378e-06,0.04623782
1133,feet,left_hand,1,0.9428196549415588,0.008464618,0.94281965,3.638332e-06,0.0487121
1134,feet,left_hand,1,0.9427667856216431,0.008869246,0.9427668,3.774938e-06,0.048360217
1135,feet,left_hand,1,0.9447346925735474,0.008554135,0.9447347,3.6273411e-06,0.04670762
1136,feet,left_hand,1,0.9426559805870056,0.009087324,0.942656,3.6148547e-06,0.048253108
1137,feet,left_hand,1,0.9371501207351685,0.009133459,0.9371501,3.6757938e-06,0.053712767
1138,feet,left_hand,1,0.9361258745193481,0.008486787,0.9361259,3.3663505e-06,0.05538394
1139,feet,left_hand,1,0.9356318712234497,0.008332156,0.9356319,3.0519873e-06,0.056032956
1140,feet,left_hand,1,0.9320897459983826,0.008214491,0.93208975,2.9818218e-06,0.059692807
1141,feet,left_hand,1,0.9265923500061035,0.008469141,0.92659235,3.0501135e-06,0.06493552
1142,feet,left_hand,1,0.9269919395446777,0.008284592,0.92699194,2.7377964e-06,0.064720765
1143,feet,left_hand,1,0.9272220134735107,0.0075515048,0.927222,2.7309177e-06,0.06522379
1144,feet,left_hand,1,0.9225059747695923,0.0074881953,0.922506,2.9657015e-06,0.07000291
1145,feet,left_hand,1,0.9178611040115356,0.008507934,0.9178611,3.4690356e-06,0.0736275
1146,feet,left_hand,1,0.9126797914505005,0.008258832,0.9126798,3.7573775e-06,0.07905758
1147,feet,left_hand,1,0.9096577167510986,0.008466648,0.9096577,3.7687653e-06,0.08187184
1148,feet,left_hand,1,0.9081249237060547,0.008590848,0.9081249,3.639649e-06,0.08328052
1149,feet,left_hand,1,0.9062170386314392,0.008885006,0.90621704,3.5948342e-06,0.08489447
1150,feet,left_hand,1,0.9039906859397888,0.008704084,0.9039907,4.1119997e-06,0.08730112
1151,feet,left_hand,1,0.8973332047462463,0.009490959,0.8973332,5.0772114e-06,0.09317077
1152,feet,left_hand,1,0.9003548622131348,0.010107681,0.90035486,5.1610673e-06,0.08953233
1153,feet,left_hand,1,0.8928195834159851,0.0113035,0.8928196,5.178789e-06,0.09587172
1154,feet,left_hand,1,0.886918842792511,0.0110645,0.88691884,4.739221e-06,0.102011904
1155,feet,left_hand,1,0.8878702521324158,0.010673949,0.88787025,4.946053e-06,0.10145092
1156,feet,left_hand,1,0.8847402334213257,0.01026673,0.88474023,5.0700714e-06,0.10498797
1157,feet,left_hand,1,0.887942910194397,0.009572773,0.8879429,5.100269e-06,0.10247927
1158,feet,left_hand,1,0.8789423108100891,0.01046925,0.8789423,5.4798156e-06,0.11058289
1159,feet,left_hand,1,0.8620648980140686,0.011448578,0.8620649,5.8746436e-06,0.12648062
1160,feet,left_hand,1,0.8505015969276428,0.011095007,0.8505016,6.7720352e-06,0.13839667
1161,feet,left_hand,1,0.8481219410896301,0.011122106,0.84812194,7.638754e-06,0.14074835
1162,feet,left_hand,1,0.8506885766983032,0.010657719,0.8506886,7.852234e-06,0.13864584
1163,feet,left_hand,1,0.8500185608863831,0.011022204,0.85001856,7.87425e-06,0.13895132
1164,tongue,left_hand,1,0.8516135215759277,0.011174025,0.8516135,7.745939e-06,0.13720472
1165,tongue,left_hand,1,0.8494347929954529,0.011572089,0.8494348,8.087168e-06,0.13898501
1166,tongue,left_hand,1,0.8393176198005676,0.012040517,0.8393176,9.193285e-06,0.14863257
1167,tongue,left_hand,1,0.8388919234275818,0.012150476,0.8388919,1.006733e-05,0.1489475
1168,tongue,left_hand,1,0.8399551510810852,0.011744794,0.83995515,9.734041e-06,0.14829035
1169,tongue,left_hand,1,0.8505430221557617,0.01247776,0.850543,9.548188e-06,0.1369697
1170,tongue,left_hand,1,0.8513438105583191,0.012532156,0.8513438,9.274618e-06,0.13611479
1171,tongue,left_hand,1,0.8519958257675171,0.012231705,0.8519958,9.39949e-06,0.13576299
1172,tongue,left_hand,1,0.8447592258453369,0.0109739825,0.8447592,8.485723e-06,0.14425828
1173,tongue,left_hand,1,0.8380831480026245,0.010966191,0.83808315,9.044842e-06,0.15094163
1174,tongue,left_hand,1,0.821626603603363,0.011084611,0.8216266,9.761593e-06,0.16727902
1175,tongue,left_hand,1,0.8153102993965149,0.010744196,0.8153103,9.659761e-06,0.17393586
1176,tongue,left_hand,1,0.7991713881492615,0.010438921,0.7991714,1.0267666e-05,0.19037941
1177,tongue,left_hand,1,0.7884325981140137,0.010318355,0.7884326,1.0763555e-05,0.20123827
1178,tongue,left_hand,1,0.789998471736908,0.010847541,0.7899985,1.0804707e-05,0.19914323
1179,tongue,left_hand,1,0.7893585562705994,0.011134006,0.78935856,1.0241545e-05,0.19949721
1180,tongue,left_hand,1,0.7819679975509644,0.011936273,0.781968,1.1631031e-05,0.20608407
1181,tongue,left_hand,1,0.7667812705039978,0.012313035,0.7667813,1.3348608e-05,0.22089228
1182,tongue,left_hand,1,0.7653703093528748,0.010886444,0.7653703,1.3228656e-05,0.22373001
1183,tongue,left_hand,1,0.7709035873413086,0.010041647,0.7709036,1.30550925e-05,0.21904169
1184,tongue,left_hand,1,0.7830601930618286,0.009649558,0.7830602,1.309516e-05,0.20727716
1185,tongue,left_hand,1,0.7747536301612854,0.010964869,0.77475363,1.4236173e-05,0.21426721
1186,tongue,left_hand,1,0.8386232256889343,0.01016768,0.8386232,1.1022636e-05,0.15119806
1187,tongue,left_hand,1,0.8559901714324951,0.008460685,0.8559902,9.4390825e-06,0.13553968
1188,tongue,left_hand,1,0.8644054532051086,0.007660369,0.86440545,9.211174e-06,0.12792496
1189,tongue,left_hand,1,0.8806951642036438,0.006706569,0.88069516,8.727257e-06,0.112589575
1190,tongue,left_hand,1,0.8830158114433289,0.006041463,0.8830158,8.836539e-06,0.110933796
1191,tongue,left_hand,1,0.8883169293403625,0.005965348,0.8883169,9.683934e-06,0.10570797
1192,tongue,left_hand,1,0.8788378834724426,0.0059968154,0.8788379,9.611338e-06,0.11515566
1193,tongue,left_hand,1,0.8762795329093933,0.005920931,0.87627953,9.29723e-06,0.117790245
1194,tongue,left_hand,1,0.8950786590576172,0.0056039356,0.89507866,8.590774e-06,0.099308826
1195,tongue,left_hand,1,0.9030891060829163,0.0053981068,0.9030891,8.766459e-06,0.091504075
1196,tongue,left_hand,1,0.8917596340179443,0.0057278015,0.89175963,9.415736e-06,0.10250314
1197,tongue,left_hand,1,0.8801628947257996,0.0057005025,0.8801629,9.748615e-06,0.11412691
1198,tongue,left_hand,1,0.8907696008682251,0.0049375067,0.8907696,8.5171905e-06,0.10428435
1199,tongue,left_hand,1,0.899258017539978,0.004640626,0.899258,7.389898e-06,0.09609399
1200,tongue,left_hand,1,0.9040071964263916,0.0046781604,0.9040072,6.532749e-06,0.09130808
1201,tongue,left_hand,1,0.9053081274032593,0.0046758098,0.9053081,6.085348e-06,0.09000996
1202,tongue,left_hand,1,0.9099209904670715,0.005157735,0.909921,6.07861e-06,0.08491525
1203,tongue,left_hand,1,0.9096693992614746,0.0053707077,0.9096694,6.0326233e-06,0.08495394
1204,tongue,left_hand,1,0.9109070897102356,0.0051227626,0.9109071,6.111007e-06,0.0839641
1205,tongue,left_hand,1,0.9190449118614197,0.0046605673,0.9190449,6.221756e-06,0.07628834
1206,tongue,left_hand,1,0.9263911247253418,0.004082121,0.9263911,5.2367527e-06,0.0695215
1207,tongue,left_hand,1,0.9307090044021606,0.0037064129,0.930709,4.708605e-06,0.06557985
1208,tongue,left_hand,1,0.9343750476837158,0.004145888,0.93437505,4.508728e-06,0.061474558
1209,tongue,left_hand,1,0.9329965114593506,0.0049048844,0.9329965,4.7899493e-06,0.062093865
1210,tongue,left_hand,1,0.9259220957756042,0.005017801,0.9259221,5.368224e-06,0.06905471
1211,tongue,left_hand,1,0.9291470646858215,0.004512753,0.92914706,5.863446e-06,0.06633439
1212,tongue,left_hand,1,0.9319788217544556,0.0042621004,0.9319788,6.331745e-06,0.06375267
1213,left_hand,left_hand,1,0.9325719475746155,0.0041889306,0.93257195,7.098514e-06,0.06323194
1214,left_hand,left_hand,1,0.9273694157600403,0.0045414628,0.9273694,7.776654e-06,0.06808137
1215,left_hand,left_hand,1,0.9269370436668396,0.0043212106,0.92693704,7.830087e-06,0.06873392
1216,left_hand,left_hand,1,0.9206975698471069,0.0044123237,0.92069757,8.788276e-06,0.07488138
1217,left_hand,left_hand,1,0.9231385588645935,0.004612901,0.92313856,8.525401e-06,0.07224005
1218,left_hand,left_hand,1,0.9205482006072998,0.0046340586,0.9205482,9.186218e-06,0.07480853
1219,left_hand,left_hand,1,0.9179651737213135,0.004429035,0.9179652,9.130021e-06,0.07759667
1220,left_hand,left_hand,1,0.9253700375556946,0.0041464516,0.92537004,8.211316e-06,0.0704752
1221,left_hand,left_hand,1,0.9282059073448181,0.004228156,0.9282059,7.729433e-06,0.06755811
1222,left_hand,left_hand,1,0.9286410808563232,0.0047287843,0.9286411,7.598478e-06,0.066622496
1223,left_hand,left_hand,1,0.9325548410415649,0.00477194,0.93255484,8.152404e-06,0.06266512
1224,left_hand,left_hand,1,0.9383695125579834,0.0040207575,0.9383695,8.124633e-06,0.05760167
1225,left_hand,left_hand,1,0.9436816573143005,0.0038119985,0.94368166,7.6084493e-06,0.052498754
1226,left_hand,left_hand,1,0.9470130205154419,0.003862934,0.947013,7.4975383e-06,0.04911654
1227,left_hand,left_hand,1,0.9472006559371948,0.0036602232,0.94720066,8.255869e-06,0.04913089
1228,left_hand,left_hand,1,0.9481369853019714,0.0034480237,0.948137,8.324478e-06,0.04840667
1229,left_hand,left_hand,1,0.9475066661834717,0.0035078044,0.94750667,9.0426665e-06,0.04897644
1230,left_hand,left_hand,1,0.9488042593002319,0.0035536618,0.94880426,9.320179e-06,0.04763279
1231,left_hand,left_hand,1,0.9526126384735107,0.0033647812,0.95261264,9.364882e-06,0.044013225
1232,left_hand,left_hand,1,0.9578835964202881,0.0030203294,0.9578836,8.958782e-06,0.03908709
1233,left_hand,left_hand,1,0.9615073204040527,0.002728918,0.9615073,7.9724705e-06,0.0357558
1234,left_hand,left_hand,1,0.9615391492843628,0.0028354668,0.96153915,8.200556e-06,0.03561716
1235,left_hand,left_hand,1,0.9589830040931702,0.002901434,0.958983,9.062387e-06,0.03810655
1236,left_hand,left_hand,1,0.9533310532569885,0.003215716,0.95333105,1.0992688e-05,0.043442126
1237,left_hand,left_hand,1,0.9548497200012207,0.003268223,0.9548497,1.1317831e-05,0.04187072
1238,left_hand,left_hand,1,0.9574325084686279,0.0027753396,0.9574325,1.0242789e-05,0.039781988
1239,left_hand,left_hand,1,0.9638506174087524,0.0026121587,0.9638506,8.833743e-06,0.033528373
1240,left_hand,left_hand,1,0.9715691804885864,0.0023712746,0.9715692,7.769888e-06,0.026051762
1241,left_hand,left_hand,1,0.974797248840332,0.0021557456,0.97479725,7.696376e-06,0.02303935
1242,left_hand,left_hand,1,0.9762682914733887,0.0020029517,0.9762683,6.880755e-06,0.02172175
1243,left_hand,left_hand,1,0.9752566814422607,0.0019310163,0.9752567,7.080761e-06,0.022805246
1244,left_hand,left_hand,1,0.9737507104873657,0.0019284307,0.9737507,7.704349e-06,0.02431324
1245,left_hand,left_hand,1,0.9760342240333557,0.0018696324,0.9760342,7.708663e-06,0.022088412
1246,left_hand,left_hand,1,0.9788165092468262,0.0018404023,0.9788165,7.8848025e-06,0.019335216
1247,left_hand,left_hand,1,0.9799371361732483,0.0019115856,0.97993714,7.784882e-06,0.018143501
1248,left_hand,left_hand,1,0.9828778505325317,0.0016738108,0.98287785,6.628394e-06,0.015441729
1249,left_hand,left_hand,1,0.9848625063896179,0.0015993299,0.9848625,5.764229e-06,0.013532417
1250,left_hand,left_hand,1,0.9855459928512573,0.0015030655,0.985546,5.41951e-06,0.012945501
1251,left_hand,left_hand,1,0.9849246144294739,0.0015729289,0.9849246,5.73033e-06,0.013496775
1252,left_hand,left_hand,1,0.9854488968849182,0.0016261177,0.9854489,5.864727e-06,0.012919202
1253,left_hand,left_hand,1,0.9859241247177124,0.0016453785,0.9859241,5.9517597e-06,0.012424613
1254,left_hand,left_hand,1,0.9876660108566284,0.001627338,0.987666,5.9795175e-06,0.010700705
1255,left_hand,left_hand,1,0.9881277680397034,0.0017306437,0.98812777,5.6171843e-06,0.01013598
1256,left_hand,left_hand,1,0.9888230562210083,0.0017275445,0.98882306,5.3209087e-06,0.009444093
1257,left_hand,left_hand,1,0.9890447854995728,0.0017372442,0.9890448,4.9475107e-06,0.0092130825
1258,left_hand,left_hand,1,0.9883303642272949,0.0020568138,0.98833036,4.585097e-06,0.009608302
1259,left_hand,left_hand,1,0.9899270534515381,0.0017676606,0.98992705,4.866623e-06,0.008300442
1260,feet,left_hand,1,0.990368664264679,0.001695796,0.99036866,5.183734e-06,0.007930341
1261,feet,left_hand,1,0.9914229512214661,0.0017871559,0.99142295,5.4466564e-06,0.0067844107
1262,feet,left_hand,1,0.9915292263031006,0.0017867689,0.9915292,5.6757567e-06,0.0066783107
1263,feet,left_hand,1,0.9907739758491516,0.0017350905,0.990774,5.746567e-06,0.0074851867
1264,feet,left_hand,1,0.9897346496582031,0.0017352029,0.98973465,6.1134706e-06,0.008523958
1265,feet,left_hand,1,0.9891948699951172,0.0018486241,0.98919487,6.812866e-06,0.008949675
1266,feet,left_hand,1,0.9887118339538574,0.0018644007,0.98871183,7.0643564e-06,0.009416736
1267,feet,left_hand,1,0.9884357452392578,0.0017825104,0.98843575,7.0012175e-06,0.009774825
1268,feet,left_hand,1,0.9884817600250244,0.0018392861,0.98848176,7.2245066e-06,0.009671761
1269,feet,left_hand,1,0.9888738393783569,0.002021469,0.98887384,7.1297427e-06,0.00909746
1270,feet,left_hand,1,0.9894227385520935,0.0018230221,0.98942274,6.9231996e-06,0.008747231
1271,feet,left_hand,1,0.9898110628128052,0.0016014628,0.98981106,7.1211693e-06,0.008580278
1272,feet,left_hand,1,0.9904639720916748,0.001498234,0.990464,7.009913e-06,0.008030765
1273,feet,left_hand,1,0.9906296133995056,0.0013829379,0.9906296,6.5317854e-06,0.007980923
1274,feet,left_hand,1,0.9904666543006897,0.0014072906,0.99046665,6.784547e-06,0.008119224
1275,feet,left_hand,1,0.9906628131866455,0.0014325257,0.9906628,7.2875123e-06,0.007897344
1276,feet,left_hand,1,0.991105854511261,0.0014378037,0.99110585,7.539133e-06,0.00744881
1277,feet,left_hand,1,0.9913185834884644,0.0015418249,0.9913186,7.448763e-06,0.007132155
1278,feet,left_hand,1,0.9910261034965515,0.0013500446,0.9910261,7.771641e-06,0.007616053
1279,feet,left_hand,1,0.9919524788856506,0.0010937888,0.9919525,7.3426327e-06,0.0069463085
1280,feet,left_hand,1,0.992745578289032,0.0010229297,0.9927456,6.96349e-06,0.00622444
1281,feet,left_hand,1,0.993287980556488,0.0009991598,0.993288,6.8881786e-06,0.0057060104
1282,feet,left_hand,1,0.9932636022567749,0.00086974725,0.9932636,6.7395467e-06,0.0058599566
1283,feet,left_hand,1,0.9934495091438293,0.0007846396,0.9934495,6.62837e-06,0.005759251
1284,feet,left_hand,1,0.99394291639328,0.00073757756,0.9939429,6.4168476e-06,0.005313122
1285,feet,left_hand,1,0.9944479465484619,0.0006793206,0.99444795,6.0950842e-06,0.0048666093
1286,feet,left_hand,1,0.9950700998306274,0.00066114764,0.9950701,5.5550477e-06,0.004263222
1287,feet,left_hand,1,0.9956069588661194,0.00061097526,0.99560696,5.1569323e-06,0.0037769482
1288,feet,left_hand,1,0.9956790804862976,0.0006087941,0.9956791,5.5316577e-06,0.0037066129
1289,feet,left_hand,1,0.9958090782165527,0.00057503465,0.9958091,5.534781e-06,0.0036103062
1290,feet,left_hand,1,0.9958957433700562,0.00059146306,0.99589574,5.372502e-06,0.0035074805
1291,feet,left_hand,1,0.9962942004203796,0.00058720313,0.9962942,5.1473003e-06,0.0031134684
1292,feet,left_hand,1,0.9964911341667175,0.0005799211,0.99649113,5.0164067e-06,0.0029239315
1293,feet,left_hand,1,0.9967589974403381,0.0005077876,0.996759,5.000109e-06,0.0027281323
1294,feet,left_hand,1,0.9977612495422363,0.00040518554,0.99776125,4.658738e-06,0.001828846
1295,feet,left_hand,1,0.9980162382125854,0.0003721125,0.99801624,4.737326e-06,0.0016068179
1296,feet,left_hand,1,0.998123824596405,0.000367289,0.9981238,4.7197714e-06,0.0015041045
1297,feet,left_hand,1,0.9982073307037354,0.00034588718,0.99820733,4.791175e-06,0.0014419822
1298,feet,left_hand,1,0.9982189536094666,0.00035992198,0.99821895,4.8321444e-06,0.0014162501
1299,feet,left_hand,1,0.998129665851593,0.00038354244,0.99812967,5.0608387e-06,0.0014817002
1300,feet,left_hand,1,0.9978541731834412,0.0004247204,0.9978542,5.7366046e-06,0.0017153629
1301,feet,left_hand,1,0.9980096220970154,0.00038464274,0.9980096,5.8954674e-06,0.0015998408
1302,feet,left_hand,1,0.9983013868331909,0.00036848118,0.9983014,5.7005877e-06,0.0013244598
1303,feet,left_hand,1,0.9983019828796387,0.00034524483,0.998302,6.280352e-06,0.0013464788
1304,feet,left_hand,1,0.9982540011405945,0.00035521935,0.998254,6.88941e-06,0.0013838265
1305,feet,left_hand,1,0.9983345866203308,0.00037784208,0.9983346,6.956505e-06,0.0012806449
1306,feet,left_hand,1,0.9983773231506348,0.0004107543,0.9983773,7.496088e-06,0.0012044348
1307,feet,left_hand,1,0.9980858564376831,0.00044109946,0.99808586,8.197772e-06,0.0014648932
1308,feet,left_hand,1,0.9979581832885742,0.00048420994,0.9979582,8.481963e-06,0.001549186
1309,feet,left_hand,1,0.9981359243392944,0.00045944646,0.9981359,8.4791955e-06,0.0013960619
1310,feet,left_hand,1,0.9982790946960449,0.00047489593,0.9982791,8.093431e-06,0.0012378652
1311,feet,left_hand,1,0.9984179735183716,0.00043421358,0.998418,7.923646e-06,0.0011398359
1312,feet,left_hand,1,0.9983536005020142,0.00043653764,0.9983536,9.012781e-06,0.0012008925
1313,feet,left_hand,1,0.9983072280883789,0.00045953496,0.9983072,9.924743e-06,0.0012233084
1314,feet,left_hand,1,0.9981568455696106,0.00050851237,0.99815685,1.0936547e-05,0.001323734
1315,feet,left_hand,1,0.9981542229652405,0.0004980135,0.9981542,1.12245125e-05,0.0013364825
1316,feet,left_hand,1,0.9982333183288574,0.00046222942,0.9982333,1.157523e-05,0.0012928599
1317,feet,left_hand,1,0.998389482498169,0.00041913192,0.9983895,1.16608335e-05,0.0011796628
1318,feet,left_hand,1,0.9984222650527954,0.00042669338,0.99842227,1.2275351e-05,0.0011388342
1319,feet,left_hand,1,0.9982873797416687,0.0004765795,0.9982874,1.3759694e-05,0.001222304
1320,feet,left_hand,1,0.9983310103416443,0.0005125353,0.998331,1.3826476e-05,0.0011426419
1321,feet,left_hand,1,0.9983214735984802,0.0005681116,0.9983215,1.356325e-05,0.0010968086
1322,feet,left_hand,1,0.9982851147651672,0.0005900851,0.9982851,1.4118875e-05,0.0011106775
1323,feet,left_hand,1,0.9980676770210266,0.00064535043,0.9980677,1.6841266e-05,0.0012701204
1324,feet,left_hand,1,0.997929573059082,0.00068235135,0.9979296,1.961819e-05,0.001368424
1325,feet,left_hand,1,0.9980642199516296,0.0007011732,0.9980642,1.9240051e-05,0.0012153316
1326,feet,left_hand,1,0.9982011318206787,0.0006527728,0.99820113,1.8189603e-05,0.0011278371
1327,feet,left_hand,1,0.9982376098632812,0.00066884153,0.9982376,1.8281378e-05,0.0010752585
1328,feet,left_hand,1,0.9982314705848694,0.0007036475,0.9982315,1.8827304e-05,0.0010461485
1329,feet,left_hand,1,0.998262345790863,0.0007185662,0.99826235,1.95026e-05,0.0009996345
1330,feet,left_hand,1,0.9982079267501831,0.00078412384,0.9982079,2.0280922e-05,0.0009876812
1331,feet,left_hand,1,0.9983997941017151,0.000701184,0.9983998,1.9336723e-05,0.00087971904
1332,feet,left_hand,1,0.9986164569854736,0.0006102376,0.99861646,1.9643472e-05,0.00075365504
1333,feet,left_hand,1,0.9986995458602905,0.000575379,0.99869955,2.0912048e-05,0.0007040849
1334,feet,left_hand,1,0.9988201260566711,0.0005334198,0.9988201,2.000473e-05,0.0006264426
1335,feet,left_hand,1,0.9988389611244202,0.0005350122,0.99883896,2.1191234e-05,0.0006049324
1336,feet,left_hand,1,0.9987754225730896,0.00058188307,0.9987754,2.3788261e-05,0.00061885983
1337,feet,left_hand,1,0.9986857771873474,0.0006401529,0.9986858,2.8839024e-05,0.0006452733
1338,feet,left_hand,1,0.9987921118736267,0.0005820388,0.9987921,3.302256e-05,0.00059281586
1339,feet,left_hand,1,0.9988672733306885,0.0005645589,0.9988673,3.2987333e-05,0.00053529587
1340,feet,left_hand,1,0.9989786148071289,0.00055242615,0.9989786,2.8615099e-05,0.00044044433
1341,feet,left_hand,1,0.9989469647407532,0.00054933276,0.99894696,3.1385658e-05,0.00047226052
1342,feet,left_hand,1,0.9989203214645386,0.0005562539,0.9989203,3.675509e-05,0.0004866522
1343,feet,left_hand,1,0.9989585876464844,0.0005237768,0.9989586,4.0559014e-05,0.00047709257
1344,feet,left_hand,1,0.9990598559379578,0.00047184408,0.99905986,3.834595e-05,0.00042994722
1345,feet,left_hand,1,0.9990677237510681,0.0004769211,0.9990677,4.0234077e-05,0.00041512155
1346,feet,left_hand,1,0.9991162419319153,0.00045477622,0.99911624,4.3188702e-05,0.00038583184
1347,feet,left_hand,1,0.9991734623908997,0.0004153437,0.99917346,4.8827475e-05,0.000362377
1348,feet,left_hand,1,0.9991497993469238,0.00042028457,0.9991498,6.055273e-05,0.00036932828
1349,feet,left_hand,1,0.999104917049408,0.00043868646,0.9991049,6.855427e-05,0.0003878249
1350,feet,left_hand,1,0.9990455508232117,0.0004652431,0.99904555,6.727325e-05,0.00042200548
1351,feet,left_hand,1,0.9990179538726807,0.00047482274,0.99901795,7.079727e-05,0.0004365054
1352,feet,left_hand,1,0.9990149736404419,0.0005054458,0.999015,7.627646e-05,0.00040323992
1353,feet,left_hand,1,0.9989722967147827,0.00052223384,0.9989723,9.0674934e-05,0.000414723
1354,feet,left_hand,1,0.998944103717804,0.0005298076,0.9989441,9.898231e-05,0.00042712633
1355,feet,left_hand,1,0.998957633972168,0.0005218899,0.99895763,0.00010356505,0.00041689
1356,feet,left_hand,1,0.9989100694656372,0.00055772375,0.99891007,0.000115993214,0.00041620788
1357,feet,left_hand,1,0.9988982677459717,0.0005586264,0.99889827,0.0001369693,0.00040610827
1358,feet,left_hand,1,0.9988625049591064,0.00058630056,0.9988625,0.00015580753,0.00039539035
1359,feet,left_hand,1,0.99885094165802,0.0005954673,0.99885094,0.00017212734,0.00038148076
1360,feet,left_hand,1,0.9989582300186157,0.00055490766,0.99895823,0.00014358503,0.00034337025
1361,feet,left_hand,1,0.9989435076713562,0.0005314676,0.9989435,0.00014654445,0.00037849322
1362,feet,left_hand,1,0.9988743662834167,0.00055662385,0.99887437,0.00015969943,0.00040927017
1363,feet,left_hand,1,0.9989162683486938,0.00052499585,0.99891627,0.00015555328,0.00040322563
1364,feet,left_hand,1,0.9988273978233337,0.00055804977,0.9988274,0.00017978772,0.0004346639
1365,feet,left_hand,1,0.9988502264022827,0.00053123763,0.9988502,0.00018666654,0.0004318511
1366,feet,left_hand,1,0.9989206790924072,0.00046569962,0.9989207,0.00019314267,0.00042052774
1367,feet,left_hand,1,0.9988414645195007,0.00046760158,0.99884146,0.00022047738,0.00047045492
1368,feet,left_hand,1,0.9986352324485779,0.00057069963,0.99863523,0.00027874846,0.0005153313
1369,feet,left_hand,1,0.9983993172645569,0.0007117999,0.9983993,0.0003679321,0.0005208995
1370,feet,left_hand,1,0.9984903335571289,0.00068313174,0.99849033,0.0003769997,0.00044962624
1371,feet,left_hand,1,0.9986836314201355,0.0006265446,0.99868363,0.00035079333,0.00033903238
1372,feet,left_hand,1,0.9988172054290771,0.00056721724,0.9988172,0.00034553913,0.00027007028
1373,feet,left_hand,1,0.9987435936927795,0.00062550785,0.9987436,0.0003862743,0.000244672
1374,feet,left_hand,1,0.9987332224845886,0.0006164396,0.9987332,0.000406966,0.00024331591
1375,feet,left_hand,1,0.9987527132034302,0.00055766676,0.9987527,0.0004292211,0.00026038082
1376,feet,left_hand,1,0.998749852180481,0.0005680051,0.99874985,0.00040947815,0.00027263098
1377,feet,left_hand,1,0.9987269043922424,0.0005787499,0.9987269,0.00040862014,0.00028574312
1378,feet,left_hand,1,0.9987162351608276,0.00056019134,0.99871624,0.00043758604,0.00028601565
1379,feet,left_hand,1,0.9986592531204224,0.00058602146,0.99865925,0.00048676637,0.0002679285
1380,feet,left_hand,1,0.9985682964324951,0.00062588014,0.9985683,0.0005469997,0.000258839
1381,feet,left_hand,1,0.9986066222190857,0.0005720147,0.9986066,0.00055996643,0.0002614634
1382,feet,left_hand,1,0.9986742734909058,0.0005141163,0.9986743,0.00054954196,0.00026214504
1383,feet,left_hand,1,0.9986995458602905,0.00048612908,0.99869955,0.0005489692,0.00026538255
1384,feet,left_hand,1,0.9985672235488892,0.0005388116,0.9985672,0.00060405943,0.00028980657
1385,feet,left_hand,1,0.9984207153320312,0.00060090143,0.9984207,0.00069742254,0.00028104076
1386,feet,left_hand,1,0.9983147382736206,0.00066493184,0.99831474,0.00078277616,0.00023748656
1387,feet,left_hand,1,0.9982505440711975,0.00073296163,0.99825054,0.000790953,0.0002255061
1388,feet,left_hand,1,0.9983110427856445,0.0006924251,0.99831104,0.0007815753,0.00021498179
1389,feet,left_hand,1,0.9982017278671265,0.0006916082,0.9982017,0.0008917266,0.00021494737
1390,feet,left_hand,1,0.9982383251190186,0.00066787924,0.9982383,0.00088792556,0.00020585662
1391,feet,left_hand,1,0.9982038736343384,0.0006537474,0.9982039,0.0009259819,0.00021631517
1392,feet,left_hand,1,0.9980928301811218,0.0006778517,0.99809283,0.0009943646,0.00023503783
1393,feet,left_hand,1,0.9978893399238586,0.0007227441,0.99788934,0.0011408622,0.00024711117
1394,feet,left_hand,1,0.9977484345436096,0.00075648434,0.99774843,0.0012296953,0.0002653301
1395,feet,left_hand,1,0.9977412223815918,0.0007241802,0.9977412,0.0012717814,0.00026291516
1396,feet,left_hand,1,0.9976754784584045,0.00070109696,0.9976755,0.0013539565,0.00026945097
1397,feet,left_hand,1,0.9974276423454285,0.0007804493,0.99742764,0.0015115861,0.0002802476
1398,feet,left_hand,1,0.9971327781677246,0.00088958605,0.9971328,0.0016963425,0.00028128596
1399,feet,left_hand,1,0.9970786571502686,0.00086129794,0.99707866,0.0017882311,0.00027184325
1400,feet,left_hand,1,0.9970967769622803,0.00078912126,0.9970968,0.001849616,0.00026450522
1401,feet,left_hand,1,0.9968222379684448,0.0008582374,0.99682224,0.002055881,0.00026372293
1402,feet,left_hand,1,0.9963370561599731,0.0010419775,0.99633706,0.0023477208,0.00027330982
1403,feet,left_hand,1,0.9962183833122253,0.0010304569,0.9962184,0.0024776938,0.00027348325
1404,left_hand,left_hand,1,0.9961953163146973,0.0009449789,0.9961953,0.0025734943,0.0002862558
1405,left_hand,left_hand,1,0.9962269067764282,0.00089295657,0.9962269,0.0025854516,0.00029465108
1406,left_hand,left_hand,1,0.9961798191070557,0.0009140517,0.9961798,0.0025954172,0.00031077888
1407,left_hand,left_hand,1,0.9959143996238708,0.0009197395,0.9959144,0.0027749042,0.00039095152
1408,left_hand,left_hand,1,0.9954452514648438,0.00095505145,0.99544525,0.0031388304,0.00046086215
1409,left_hand,left_hand,1,0.9945628046989441,0.0012116645,0.9945628,0.0036582092,0.0005672679
1410,left_hand,left_hand,1,0.9950443506240845,0.0010829055,0.99504435,0.0032993492,0.00057344424
1411,left_hand,left_hand,1,0.9958103895187378,0.00091347314,0.9958104,0.0027227444,0.0005533728
1412,left_hand,left_hand,1,0.9957525730133057,0.0009109487,0.9957526,0.0027852454,0.00055129116
1413,left_hand,left_hand,1,0.9952632188796997,0.0010431128,0.9952632,0.0030930548,0.00060059153
1414,left_hand,left_hand,1,0.9941986799240112,0.0013496461,0.9941987,0.0037412276,0.0007103445
1415,left_hand,left_hand,1,0.99382483959198,0.0014299358,0.99382484,0.0040093362,0.0007359267
1416,left_hand,left_hand,1,0.9941214919090271,0.0012794309,0.9941215,0.0038991645,0.00069986546
1417,left_hand,left_hand,1,0.9939501285552979,0.0013877938,0.9939501,0.003925776,0.0007362361
1418,left_hand,left_hand,1,0.9935617446899414,0.0016230884,0.99356174,0.0039207614,0.00089433976
1419,left_hand,left_hand,1,0.9931540489196777,0.0016778855,0.99315405,0.0042032716,0.0009648123
1420,left_hand,left_hand,1,0.9927740097045898,0.0017526267,0.992774,0.0044584894,0.0010148244
1421,left_hand,left_hand,1,0.9922520518302917,0.0019356114,0.99225205,0.004767681,0.0010446975
1422,left_hand,left_hand,1,0.9912920594215393,0.0022160995,0.99129206,0.0053787394,0.0011130106
1423,left_hand,left_hand,1,0.9904584884643555,0.0023563518,0.9904585,0.0058202534,0.0013649085
1424,left_hand,left_hand,1,0.990213930606842,0.0023855825,0.99021393,0.005894488,0.0015060072
1425,left_hand,left_hand,1,0.9906356930732727,0.0023910732,0.9906357,0.0055068596,0.0014663036
1426,left_hand,left_hand,1,0.9904612898826599,0.0022880281,0.9904613,0.0055969097,0.00165375
1427,left_hand,left_hand,1,0.990138053894043,0.0022167647,0.99013805,0.005979927,0.0016651932
1428,left_hand,left_hand,1,0.9892318844795227,0.002389072,0.9892319,0.0066471985,0.0017318935
1429,left_hand,left_hand,1,0.9861652851104736,0.0031293528,0.9861653,0.008834269,0.0018711397
1430,left_hand,left_hand,1,0.9827158451080322,0.0042291703,0.98271585,0.011091549,0.0019634655
1431,left_hand,left_hand,1,0.9832888245582581,0.0045012725,0.9832888,0.010189984,0.002019834
1432,left_hand,left_hand,1,0.9842723608016968,0.0039354605,0.98427236,0.009490312,0.0023018229
1433,left_hand,left_hand,1,0.9860131144523621,0.0032004807,0.9860131,0.008057864,0.002728558
1434,left_hand,left_hand,1,0.9846912026405334,0.0033981644,0.9846912,0.009130785,0.0027799252
1435,left_hand,left_hand,1,0.9833163619041443,0.003451179,0.98331636,0.010433403,0.0027991084
1436,left_hand,left_hand,1,0.9828224778175354,0.0036747023,0.9828225,0.010642239,0.002860565
1437,left_hand,left_hand,1,0.9803068041801453,0.0039050083,0.9803068,0.012322173,0.0034660425
1438,left_hand,left_hand,1,0.9773473143577576,0.00441063,0.9773473,0.014066112,0.004175884
1439,left_hand,left_hand,1,0.9743125438690186,0.004613178,0.97431254,0.016277956,0.00479629
1440,left_hand,left_hand,1,0.974234938621521,0.0044325357,0.97423494,0.016304897,0.005027633
1441,left_hand,left_hand,1,0.9735615253448486,0.004681722,0.9735615,0.016284196,0.005472629
1442,left_hand,left_hand,1,0.9722058176994324,0.005258487,0.9722058,0.016115656,0.006420081
1443,left_hand,left_hand,1,0.9678749442100525,0.005821172,0.96787494,0.018147148,0.008156747
1444,left_hand,left_hand,1,0.9643623232841492,0.0061707497,0.9643623,0.02057523,0.008891652
1445,left_hand,left_hand,1,0.9630852341651917,0.00702142,0.96308523,0.021911519,0.007981794
1446,left_hand,left_hand,1,0.9634072184562683,0.0061736424,0.9634072,0.02311237,0.0073068333
1447,left_hand,left_hand,1,0.9630357027053833,0.0056846966,0.9630357,0.024042679,0.007236933
1448,left_hand,left_hand,1,0.9602081775665283,0.005960314,0.9602082,0.025877204,0.007954372
1449,left_hand,left_hand,1,0.9523746371269226,0.007354623,0.95237464,0.031575274,0.008695551
1450,left_hand,left_hand,1,0.9429954886436462,0.008269722,0.9429955,0.0377824,0.010952337
1451,left_hand,left_hand,1,0.9438137412071228,0.0076275365,0.94381374,0.036674622,0.011884079
1452,left_hand,left_hand,1,0.9434211254119873,0.007134946,0.9434211,0.03721644,0.01222745
1453,left_hand,left_hand,1,0.9417188167572021,0.0065426114,0.9417188,0.0392327,0.012505788
1454,right_hand,left_hand,1,0.9364578723907471,0.007453671,0.9364579,0.043622013,0.012466419
1455,right_hand,left_hand,1,0.9408170580863953,0.007152554,0.94081706,0.040228557,0.011801868
1456,right_hand,left_hand,1,0.9396968483924866,0.007287982,0.93969685,0.04106274,0.011952466
1457,right_hand,left_hand,1,0.9428269863128662,0.006681045,0.942827,0.03839704,0.012094898
1458,right_hand,left_hand,1,0.9306821823120117,0.008544549,0.9306822,0.04644468,0.014328506
1459,right_hand,left_hand,1,0.9050917029380798,0.012494578,0.9050917,0.06476203,0.017651688
1460,right_hand,left_hand,1,0.8930119872093201,0.014457229,0.893012,0.073182225,0.01934854
1461,right_hand,left_hand,1,0.900976836681366,0.01374838,0.90097684,0.0683379,0.016936932
1462,right_hand,left_hand,1,0.9070339202880859,0.012530079,0.9070339,0.06368596,0.016750006
1463,right_hand,left_hand,1,0.9051276445388794,0.012262259,0.90512764,0.06640569,0.016204312
1464,right_hand,left_hand,1,0.8968335390090942,0.013342781,0.89683354,0.07342726,0.016396405
1465,right_hand,left_hand,1,0.8979873657226562,0.015893389,0.89798737,0.070689276,0.01542992
1466,right_hand,left_hand,1,0.8837306499481201,0.01796889,0.88373065,0.08149035,0.016810134
1467,right_hand,left_hand,1,0.8695836067199707,0.02185814,0.8695836,0.091491595,0.017066667
1468,right_hand,left_hand,1,0.861911952495575,0.022498274,0.86191195,0.099080674,0.016509103
1469,right_hand,left_hand,1,0.8676517605781555,0.02037312,0.86765176,0.09753638,0.014438848
1470,right_hand,left_hand,1,0.8803907036781311,0.01788663,0.8803907,0.08825993,0.013462752
1471,right_hand,left_hand,1,0.8666611313819885,0.018665949,0.86666113,0.10015217,0.014520812
1472,right_hand,left_hand,1,0.8494237065315247,0.023439594,0.8494237,0.113746785,0.013389915
1473,right_hand,left_hand,1,0.846253514289856,0.02465144,0.8462535,0.11562247,0.013472574
1474,right_hand,left_hand,1,0.8470457792282104,0.023917442,0.8470458,0.11441057,0.01462615
1475,right_hand,left_hand,1,0.8537675142288208,0.02371872,0.8537675,0.104551144,0.017962636
1476,right_hand,left_hand,1,0.8595260381698608,0.02368281,0.85952604,0.099745445,0.017045688
1477,right_hand,left_hand,1,0.8422654271125793,0.024829296,0.8422654,0.11582199,0.017083332
1478,right_hand,left_hand,1,0.8179920315742493,0.027607845,0.81799203,0.13695146,0.01744866
1479,right_hand,left_hand,1,0.775637149810791,0.03643734,0.77563715,0.1679456,0.019979944
1480,right_hand,left_hand,1,0.7508439421653748,0.041369047,0.75084394,0.1849898,0.022797229
1481,right_hand,left_hand,1,0.7262163758277893,0.045741588,0.7262164,0.20068312,0.02735889
1482,right_hand,left_hand,1,0.7294450402259827,0.047082655,0.72944504,0.19378108,0.029691175
1483,right_hand,left_hand,1,0.7348281741142273,0.050688177,0.7348282,0.18630101,0.028182693
1484,right_hand,left_hand,1,0.6957443952560425,0.05867808,0.6957444,0.22008348,0.025494136
1485,right_hand,left_hand,1,0.6756039261817932,0.05137151,0.6756039,0.24862644,0.024398074
1486,right_hand,left_hand,1,0.6703440546989441,0.046774957,0.67034405,0.25750855,0.025372341
1487,right_hand,left_hand,1,0.6512423157691956,0.04962945,0.6512423,0.27275875,0.026369555
1488,right_hand,left_hand,1,0.6159056425094604,0.06167682,0.61590564,0.29765037,0.024767214
1489,right_hand,left_hand,1,0.5810738801956177,0.06083825,0.5810739,0.3337515,0.024336355
1490,right_hand,left_hand,1,0.5722417235374451,0.054665595,0.5722417,0.34500635,0.02808638
1491,right_hand,left_hand,1,0.5490230917930603,0.056844413,0.5490231,0.36184582,0.03228667
1492,right_hand,left_hand,1,0.5179124474525452,0.056930173,0.51791245,0.3874663,0.03769108
1493,right_hand,left_hand,1,0.49794113636016846,0.05952134,0.49794114,0.40078953,0.04174796
1494,right_hand,left_hand,1,0.4674977660179138,0.062622435,0.46749777,0.42923048,0.040649224
1495,right_hand,right_hand,2,0.46393945813179016,0.061976068,0.4333524,0.46393946,0.040732067
1496,right_hand,right_hand,2,0.4887055456638336,0.057703067,0.41250792,0.48870555,0.04108355
1497,right_hand,right_hand,2,0.4796121418476105,0.05918728,0.418614,0.47961214,0.042586595
1498,right_hand,right_hand,2,0.46787893772125244,0.059885662,0.435775,0.46787894,0.036460374
1499,right_hand,left_hand,1,0.46067288517951965,0.05446591,0.4606729,0.44912776,0.035733525
1500,right_hand,left_hand,1,0.4627596139907837,0.046561077,0.4627596,0.45318002,0.037499268
1501,right_hand,left_hand,1,0.47477614879608154,0.04614043,0.47477615,0.4400942,0.038989194
1502,right_hand,right_hand,2,0.4655490815639496,0.047708195,0.45126274,0.46554908,0.035479873
1503,right_hand,right_hand,2,0.45842424035072327,0.051466968,0.45539337,0.45842424,0.034715496
1504,left_hand,right_hand,2,0.4593747854232788,0.05453162,0.45283067,0.4593748,0.03326295
1505,left_hand,right_hand,2,0.4733182489871979,0.05299419,0.44500852,0.47331825,0.02867901
1506,left_hand,right_hand,2,0.4805240333080292,0.050275628,0.4392694,0.48052403,0.02993098
1507,left_hand,right_hand,2,0.514870285987854,0.04827297,0.40555575,0.5148703,0.031300973
1508,left_hand,right_hand,2,0.5311394929885864,0.050121315,0.3856283,0.5311395,0.033110898
1509,left_hand,right_hand,2,0.5393550395965576,0.051660318,0.37253374,0.53935504,0.036450915
1510,left_hand,right_hand,2,0.5668623447418213,0.052602403,0.34290355,0.56686234,0.037631735
1511,left_hand,right_hand,2,0.5772253274917603,0.052958544,0.3284639,0.5772253,0.041352246
1512,left_hand,right_hand,2,0.5594305992126465,0.0557547,0.3417782,0.5594306,0.043036472
1513,left_hand,right_hand,2,0.525119960308075,0.057325326,0.37213618,0.52511996,0.04541854
1514,left_hand,right_hand,2,0.5093247890472412,0.060131915,0.38402995,0.5093248,0.04651338
1515,left_hand,right_hand,2,0.5095680952072144,0.06007486,0.38596764,0.5095681,0.044389404
1516,left_hand,right_hand,2,0.4975030720233917,0.060213573,0.39774922,0.49750307,0.044534132
1517,left_hand,right_hand,2,0.511056661605835,0.059628002,0.38750687,0.51105666,0.041808452
1518,left_hand,right_hand,2,0.5367122888565063,0.0596685,0.3669941,0.5367123,0.0366251
1519,left_hand,right_hand,2,0.5322194695472717,0.059344277,0.37282467,0.53221947,0.035611626
1520,left_hand,right_hand,2,0.5514204502105713,0.06131804,0.35313076,0.55142045,0.034130752
1521,left_hand,right_hand,2,0.5632005333900452,0.06656984,0.33443218,0.56320053,0.03579745
1522,left_hand,right_hand,2,0.5290915966033936,0.082381874,0.34799433,0.5290916,0.040532134
1523,left_hand,right_hand,2,0.5531087517738342,0.08764371,0.32118917,0.55310875,0.038058337
1524,left_hand,right_hand,2,0.5712875723838806,0.09914372,0.28962848,0.5712876,0.039940234
1525,left_hand,right_hand,2,0.6152433753013611,0.09669895,0.24853022,0.6152434,0.039527494
1526,left_hand,right_hand,2,0.6321625113487244,0.10024447,0.23175167,0.6321625,0.035841413
1527,left_hand,right_hand,2,0.6230676174163818,0.11187587,0.23133126,0.6230676,0.033725232
1528,left_hand,right_hand,2,0.6183434724807739,0.11441987,0.23249283,0.6183435,0.034743793
1529,left_hand,right_hand,2,0.6092803478240967,0.12412068,0.23268548,0.60928035,0.033913553
1530,left_hand,right_hand,2,0.6134746670722961,0.13502796,0.22180499,0.61347467,0.029692423
1531,left_hand,right_hand,2,0.6320311427116394,0.12253577,0.215688,0.63203114,0.029745124
1532,left_hand,right_hand,2,0.6540017127990723,0.1203701,0.1961203,0.6540017,0.029507918
1533,left_hand,right_hand,2,0.6699236631393433,0.116073236,0.18458359,0.66992366,0.02941953
1534,left_hand,right_hand,2,0.6756554245948792,0.10850986,0.18394606,0.6756554,0.031888623
1535,left_hand,right_hand,2,0.6719529628753662,0.11127206,0.18098068,0.67195296,0.035794266
1536,left_hand,right_hand,2,0.6593077182769775,0.11456016,0.18141077,0.6593077,0.04472134
1537,left_hand,right_hand,2,0.6496034264564514,0.1210946,0.17538604,0.6496034,0.053915936
1538,left_hand,right_hand,2,0.6462758779525757,0.11774625,0.1776872,0.6462759,0.05829067
1539,left_hand,right_hand,2,0.6371572017669678,0.13011938,0.17313975,0.6371572,0.0595837
1540,left_hand,right_hand,2,0.622803270816803,0.14179008,0.17046657,0.6228033,0.06494007
1541,left_hand,right_hand,2,0.6093820929527283,0.13791642,0.18324408,0.6093821,0.06945743
1542,left_hand,right_hand,2,0.5932654142379761,0.14536443,0.18992676,0.5932654,0.071443364
1543,left_hand,right_hand,2,0.5693824291229248,0.16091716,0.1932514,0.5693824,0.076449014
1544,left_hand,right_hand,2,0.5464099049568176,0.17512889,0.19857,0.5464099,0.07989128
1545,left_hand,right_hand,2,0.5328996181488037,0.18574764,0.19987488,0.5328996,0.081477866
1546,left_hand,right_hand,2,0.5182451605796814,0.21040343,0.19256724,0.51824516,0.07878421
1547,left_hand,right_hand,2,0.5180359482765198,0.21164161,0.18796852,0.51803595,0.08235391
1548,left_hand,right_hand,2,0.5248400568962097,0.20716849,0.18130638,0.52484006,0.0866851
1549,left_hand,right_hand,2,0.5387067794799805,0.19946215,0.16984862,0.5387068,0.091982506
1550,left_hand,right_hand,2,0.5552070736885071,0.20445232,0.15241086,0.5552071,0.087929815
1551,left_hand,right_hand,2,0.5576483607292175,0.21080513,0.14314534,0.55764836,0.0884012
1552,right_hand,right_hand,2,0.5490671396255493,0.20854622,0.14602798,0.54906714,0.09635866
1553,right_hand,right_hand,2,0.5408474206924438,0.19251722,0.16392806,0.5408474,0.102707304
1554,right_hand,right_hand,2,0.5369126200675964,0.19081487,0.16959178,0.5369126,0.102680705
1555,right_hand,right_hand,2,0.5355775952339172,0.19518861,0.16461189,0.5355776,0.10462189
1556,right_hand,right_hand,2,0.5282450318336487,0.2125763,0.15333703,0.52824503,0.10584165
1557,right_hand,right_hand,2,0.5096997022628784,0.21731055,0.15337817,0.5096997,0.119611636
1558,right_hand,right_hand,2,0.48720693588256836,0.23568308,0.15266068,0.48720694,0.12444923
1559,right_hand,right_hand,2,0.48772287368774414,0.22374064,0.15864664,0.48772287,0.12988985
1560,right_hand,right_hand,2,0.5060279965400696,0.22262512,0.1556423,0.506028,0.11570457
1561,right_hand,right_hand,2,0.4672970771789551,0.26528874,0.15343314,0.46729708,0.11398102
1562,right_hand,right_hand,2,0.43971648812294006,0.33850852,0.12906432,0.4397165,0.092710644
1563,right_hand,right_hand,2,0.4199342429637909,0.37290478,0.11899564,0.41993424,0.088165276
1564,right_hand,right_hand,2,0.422166109085083,0.36878413,0.1173207,0.4221661,0.09172912
1565,right_hand,right_hand,2,0.4011933505535126,0.39365715,0.109642014,0.40119335,0.095507465
1566,right_hand,feet,0,0.41807740926742554,0.4180774,0.103320934,0.37946096,0.09914069
1567,right_hand,feet,0,0.45310071110725403,0.4531007,0.09203388,0.36666152,0.088203855
1568,right_hand,feet,0,0.481189101934433,0.4811891,0.074580275,0.37238893,0.0718417
1569,right_hand,feet,0,0.49033281207084656,0.4903328,0.06850491,0.36884165,0.07232066
1570,right_hand,feet,0,0.49965059757232666,0.4996506,0.06534753,0.35458773,0.08041409
1571,right_hand,feet,0,0.5030432939529419,0.5030433,0.060688674,0.3479604,0.08830756
1572,right_hand,feet,0,0.5134503841400146,0.5134504,0.05427668,0.34905314,0.08321978
1573,right_hand,feet,0,0.5241237282752991,0.5241237,0.051033426,0.3439311,0.08091174
1574,right_hand,feet,0,0.5138886570930481,0.51388866,0.04980126,0.351585,0.08472514
1575,right_hand,feet,0,0.4779214859008789,0.4779215,0.05183773,0.38104486,0.08919594
1576,right_hand,feet,0,0.4906836450099945,0.49068365,0.04873079,0.37002444,0.09056113
1577,right_hand,feet,0,0.49932345747947693,0.49932346,0.043482102,0.36076462,0.096429765
1578,right_hand,feet,0,0.503740131855011,0.50374013,0.035932697,0.36347303,0.09685417
1579,right_hand,feet,0,0.5305652618408203,0.53056526,0.027023407,0.35542884,0.0869825
1580,right_hand,feet,0,0.5020052790641785,0.5020053,0.026544474,0.3684173,0.10303292
1581,right_hand,feet,0,0.4634971022605896,0.4634971,0.028618103,0.38519898,0.122685835
1582,right_hand,feet,0,0.46248358488082886,0.46248358,0.030646542,0.3795059,0.12736398
1583,right_hand,feet,0,0.4599113464355469,0.45991135,0.028330559,0.3869064,0.12485168
1584,right_hand,feet,0,0.436325341463089,0.43632534,0.028917395,0.39823166,0.13652562
1585,right_hand,feet,0,0.42354872822761536,0.42354873,0.026273288,0.4119252,0.1382527
1586,right_hand,feet,0,0.41707998514175415,0.41708,0.024291638,0.41242275,0.14620563
1587,right_hand,right_hand,2,0.4322110414505005,0.40552047,0.022431353,0.43221104,0.1398371
1588,right_hand,right_hand,2,0.44660302996635437,0.387188,0.020431962,0.44660303,0.14577705
1589,right_hand,right_hand,2,0.47084498405456543,0.35670418,0.018735953,0.47084498,0.15371482
1590,right_hand,right_hand,2,0.49522602558135986,0.32218394,0.017296966,0.49522603,0.16529311
1591,right_hand,right_hand,2,0.478920578956604,0.31753114,0.01701039,0.47892058,0.18653789
1592,right_hand,right_hand,2,0.4481746256351471,0.3174937,0.017474072,0.44817463,0.21685754
1593,right_hand,right_hand,2,0.4339328706264496,0.29730296,0.016217785,0.43393287,0.25254634
1594,right_hand,right_hand,2,0.3955110013484955,0.3046743,0.013735267,0.395511,0.2860794
1595,right_hand,right_hand,2,0.41020718216896057,0.28381228,0.013241522,0.41020718,0.292739
1596,right_hand,right_hand,2,0.4264185428619385,0.26148075,0.012278168,0.42641854,0.29982248
1597,right_hand,right_hand,2,0.4246179163455963,0.25355604,0.012044926,0.42461792,0.30978107
1598,right_hand,right_hand,2,0.40965887904167175,0.24577183,0.011351038,0.40965888,0.33321825
1599,right_hand,right_hand,2,0.38592857122421265,0.22967456,0.010956348,0.38592857,0.37344053
1600,right_hand,right_hand,2,0.4273589253425598,0.2009103,0.010090012,0.42735893,0.36164084
1601,right_hand,right_hand,2,0.4314025640487671,0.19525537,0.008635266,0.43140256,0.36470678
1602,right_hand,right_hand,2,0.43505188822746277,0.18389778,0.0076586735,0.4350519,0.37339172
1603,right_hand,right_hand,2,0.433429479598999,0.17570165,0.007321056,0.43342948,0.3835478
1604,right_hand,right_hand,2,0.4183392822742462,0.16181612,0.0071421997,0.41833928,0.41270235
1605,right_hand,tongue,3,0.41633230447769165,0.16804838,0.006713738,0.4089056,0.4163323
1606,right_hand,right_hand,2,0.4152880311012268,0.16265263,0.007148352,0.41528803,0.41491097
1607,right_hand,tongue,3,0.4355587065219879,0.15863252,0.0069527277,0.39885595,0.4355587
1608,right_hand,tongue,3,0.4680567681789398,0.14235616,0.0062361127,0.38335097,0.46805677
1609,right_hand,tongue,3,0.4963480830192566,0.13496614,0.0054736705,0.36321205,0.49634808
1610,right_hand,tongue,3,0.5376981496810913,0.116667464,0.004431428,0.341203,0.53769815
1611,right_hand,tongue,3,0.580562174320221,0.10739436,0.0036656822,0.30837774,0.5805622
1612,right_hand,tongue,3,0.5863478779792786,0.099279985,0.003174024,0.31119815,0.5863479
1613,right_hand,tongue,3,0.6108882427215576,0.09204574,0.0028879135,0.29417813,0.61088824
1614,right_hand,tongue,3,0.6248672604560852,0.08607781,0.0027164305,0.28633848,0.62486726
1615,right_hand,tongue,3,0.6269629597663879,0.08711168,0.002483358,0.28344202,0.62696296
1616,right_hand,tongue,3,0.6276331543922424,0.09791647,0.0022469684,0.27220345,0.62763315
1617,right_hand,tongue,3,0.6121160387992859,0.08637476,0.0019418733,0.29956737,0.61211604
1618,right_hand,tongue,3,0.6143900752067566,0.06918216,0.001695384,0.3147324,0.6143901
1619,right_hand,tongue,3,0.6541069746017456,0.05840461,0.0014212965,0.2860671,0.654107
1620,right_hand,tongue,3,0.6881022453308105,0.052039176,0.0010789335,0.25877962,0.68810225
1621,right_hand,tongue,3,0.7241024374961853,0.045983776,0.0008646768,0.22904916,0.72410244
1622,right_hand,tongue,3,0.766072690486908,0.040035237,0.00067292416,0.19321905,0.7660727
1623,right_hand,tongue,3,0.7841745018959045,0.034327574,0.00053830846,0.18095966,0.7841745
1624,right_hand,tongue,3,0.7876222133636475,0.031149702,0.00044832547,0.18077981,0.7876222
1625,right_hand,tongue,3,0.7944047451019287,0.029925443,0.00038428605,0.17528556,0.79440475
1626,right_hand,tongue,3,0.8191030621528625,0.027465332,0.0003276404,0.15310399,0.81910306
1627,right_hand,tongue,3,0.8307029604911804,0.027817138,0.00029794112,0.14118189,0.83070296
1628,right_hand,tongue,3,0.8442450761795044,0.027141629,0.00026295305,0.12835027,0.8442451
1629,right_hand,tongue,3,0.8603296279907227,0.024920158,0.0002298307,0.1145204,0.8603296
1630,right_hand,tongue,3,0.8683963418006897,0.023764,0.00020984458,0.10762985,0.86839634
1631,right_hand,tongue,3,0.8768632411956787,0.02222021,0.00018986216,0.10072672,0.87686324
1632,right_hand,tongue,3,0.8911373019218445,0.020140793,0.00016885497,0.08855313,0.8911373
1633,right_hand,tongue,3,0.8902817964553833,0.020381453,0.00017297381,0.08916381,0.8902818
1634,right_hand,tongue,3,0.8924950957298279,0.020313824,0.00017215403,0.087018885,0.8924951
1635,right_hand,tongue,3,0.9047167897224426,0.018818872,0.0001555145,0.07630886,0.9047168
1636,right_hand,tongue,3,0.9208742380142212,0.017142298,0.00013944796,0.061844103,0.92087424
1637,right_hand,tongue,3,0.9312909841537476,0.015513686,0.000123958,0.053071342,0.931291
1638,right_hand,tongue,3,0.9371615648269653,0.014029786,0.00011352963,0.048695177,0.93716156
1639,right_hand,tongue,3,0.9441964030265808,0.012311407,0.00010054349,0.04339174,0.9441964
1640,right_hand,tongue,3,0.9473397135734558,0.011740706,9.052674e-05,0.04082898,0.9473397
1641,right_hand,tongue,3,0.9504762887954712,0.011351728,8.477995e-05,0.038087245,0.9504763
1642,right_hand,tongue,3,0.9554619193077087,0.010402143,7.494422e-05,0.03406097,0.9554619
1643,right_hand,tongue,3,0.9573528170585632,0.00963308,6.9634414e-05,0.032944478,0.9573528
1644,right_hand,tongue,3,0.9596975445747375,0.009015558,6.851529e-05,0.031218354,0.95969754
1645,right_hand,tongue,3,0.9603862762451172,0.009415638,7.2478404e-05,0.030125605,0.9603863
1646,right_hand,tongue,3,0.9623358249664307,0.009291973,7.043714e-05,0.028301796,0.9623358
1647,right_hand,tongue,3,0.9648184180259705,0.009375768,6.519104e-05,0.025740614,0.9648184
1648,right_hand,tongue,3,0.9663781523704529,0.009764649,6.330993e-05,0.023793852,0.96637815
1649,right_hand,tongue,3,0.968716561794281,0.009198817,5.685793e-05,0.022027787,0.96871656
1650,left_hand,tongue,3,0.9702430367469788,0.008722711,5.195154e-05,0.020982321,0.97024304
1651,left_hand,tongue,3,0.9725409150123596,0.008352738,4.9890812e-05,0.019056443,0.9725409
1652,left_hand,tongue,3,0.9753026962280273,0.007842754,4.63257e-05,0.016808247,0.9753027
1653,left_hand,tongue,3,0.9765564203262329,0.007652932,4.0473755e-05,0.015750146,0.9765564
1654,left_hand,tongue,3,0.977800726890564,0.007550437,3.644176e-05,0.014612379,0.9778007
1655,left_hand,tongue,3,0.9792380928993225,0.0075281938,3.397874e-05,0.013199722,0.9792381
1656,left_hand,tongue,3,0.9807177186012268,0.0072464976,3.152733e-05,0.012004252,0.9807177
1657,left_hand,tongue,3,0.9812015295028687,0.0064954967,3.0349047e-05,0.012272689,0.9812015
1658,left_hand,tongue,3,0.9824348092079163,0.006305849,2.871659e-05,0.0112307025,0.9824348
1659,left_hand,tongue,3,0.9828654527664185,0.006525832,3.0528605e-05,0.010578211,0.98286545
1660,left_hand,tongue,3,0.9833396673202515,0.006722166,3.0115407e-05,0.009908087,0.98333967
1661,left_hand,tongue,3,0.9836288094520569,0.0067719966,2.875544e-05,0.009570432,0.9836288
1662,left_hand,tongue,3,0.9840213656425476,0.006546002,2.7122876e-05,0.009405483,0.98402137
1663,left_hand,tongue,3,0.9852113723754883,0.00607545,2.4447863e-05,0.008688682,0.9852114
1664,left_hand,tongue,3,0.9858777523040771,0.0060425047,2.2395243e-05,0.008057311,0.98587775
1665,left_hand,tongue,3,0.9877070784568787,0.0053954925,2.0415926e-05,0.006877079,0.9877071
1666,left_hand,tongue,3,0.9894850850105286,0.0048342263,1.9139756e-05,0.0056615556,0.9894851
1667,left_hand,tongue,3,0.9907863736152649,0.0043667583,1.7857068e-05,0.004828946,0.9907864
1668,left_hand,tongue,3,0.9912477135658264,0.0041348664,1.7783788e-05,0.0045997747,0.9912477
1669,left_hand,tongue,3,0.9917880892753601,0.0039306893,1.7862614e-05,0.0042634145,0.9917881
1670,left_hand,tongue,3,0.9927729964256287,0.0036857822,1.668733e-05,0.003524521,0.992773
1671,left_hand,tongue,3,0.9938456416130066,0.0031443783,1.4069565e-05,0.0029958892,0.99384564
1672,left_hand,tongue,3,0.9945737719535828,0.0027381887,1.2124905e-05,0.0026759463,0.9945738
1673,left_hand,tongue,3,0.9945129156112671,0.0028126156,1.1914246e-05,0.0026625877,0.9945129
1674,left_hand,tongue,3,0.9941619038581848,0.0031277156,1.3112559e-05,0.0026972226,0.9941619
1675,left_hand,tongue,3,0.9940322041511536,0.0032159605,1.3163016e-05,0.0027386206,0.9940322
1676,left_hand,tongue,3,0.9944403767585754,0.0029794201,1.2788651e-05,0.0025673702,0.9944404
1677,left_hand,tongue,3,0.9945770502090454,0.0028960255,1.2001046e-05,0.0025149256,0.99457705
1678,left_hand,tongue,3,0.994929313659668,0.0026080636,1.0450724e-05,0.002452189,0.9949293
1679,left_hand,tongue,3,0.9948438405990601,0.002566792,1.1278686e-05,0.0025780697,0.99484384
1680,left_hand,tongue,3,0.9947092533111572,0.0025461735,1.3125297e-05,0.0027313733,0.99470925
1681,left_hand,tongue,3,0.9946164488792419,0.0025100806,1.3935904e-05,0.0028595384,0.99461645
1682,left_hand,tongue,3,0.9950002431869507,0.0021527756,1.28453685e-05,0.0028342593,0.99500024
1683,left_hand,tongue,3,0.9952113032341003,0.0019085925,1.2746103e-05,0.0028674714,0.9952113
1684,left_hand,tongue,3,0.9954231381416321,0.0017711697,1.3120294e-05,0.0027924802,0.99542314
1685,left_hand,tongue,3,0.9957767128944397,0.0016758305,1.2676526e-05,0.0025348181,0.9957767
1686,left_hand,tongue,3,0.9954903721809387,0.0018266955,1.3553542e-05,0.002669366,0.9954904
1687,left_hand,tongue,3,0.9953483939170837,0.0018950577,1.4680071e-05,0.0027418635,0.9953484
1688,left_hand,tongue,3,0.9949687123298645,0.0020781462,1.7320557e-05,0.0029358056,0.9949687
1689,left_hand,tongue,3,0.994539201259613,0.0023500922,2.3292036e-05,0.0030875152,0.9945392
1690,left_hand,tongue,3,0.9939716458320618,0.002543668,2.8004215e-05,0.0034566415,0.99397165
1691,left_hand,tongue,3,0.9930055737495422,0.002894007,3.2570682e-05,0.0040679146,0.9930056
1692,left_hand,tongue,3,0.9925962090492249,0.0031378882,3.8242993e-05,0.0042276694,0.9925962
1693,left_hand,tongue,3,0.9934518337249756,0.0027108402,3.8109618e-05,0.0037991356,0.99345183
1694,left_hand,tongue,3,0.9939295053482056,0.0024179542,3.6358902e-05,0.0036161884,0.9939295
1695,left_hand,tongue,3,0.993762195110321,0.002508414,3.754178e-05,0.0036918551,0.9937622
1696,left_hand,tongue,3,0.9936285614967346,0.0024407026,4.0026334e-05,0.0038907288,0.99362856
1697,right_hand,tongue,3,0.9937693476676941,0.0022952498,3.7893515e-05,0.0038975177,0.99376935
1698,right_hand,tongue,3,0.9939032196998596,0.0020745215,3.8150756e-05,0.0039840764,0.9939032
1699,right_hand,tongue,3,0.9941174983978271,0.002103106,3.666282e-05,0.0037427759,0.9941175
1700,right_hand,tongue,3,0.9944443106651306,0.0021819016,3.6747308e-05,0.0033370154,0.9944443
1701,right_hand,tongue,3,0.9946753978729248,0.0021823035,3.7033282e-05,0.0031052954,0.9946754
1702,right_hand,tongue,3,0.9942528605461121,0.0021864406,4.1274012e-05,0.0035193965,0.99425286
1703,right_hand,tongue,3,0.9932323694229126,0.002456176,4.7616595e-05,0.004263831,0.99323237
1704,right_hand,tongue,3,0.9930616021156311,0.0025296048,5.2422125e-05,0.0043562795,0.9930616
1705,right_hand,tongue,3,0.9926457405090332,0.0028568273,5.9049195e-05,0.0044383486,0.99264574
1706,right_hand,tongue,3,0.9930446743965149,0.0026653323,5.7943886e-05,0.0042320555,0.9930447
1707,right_hand,tongue,3,0.9934470057487488,0.0024722,5.366542e-05,0.004027138,0.993447
1708,right_hand,tongue,3,0.9937886595726013,0.0023005353,4.8778867e-05,0.0038619307,0.99378866
1709,right_hand,tongue,3,0.9939265847206116,0.002227973,4.597822e-05,0.0037994399,0.9939266
1710,right_hand,tongue,3,0.9937396049499512,0.0021417856,4.398998e-05,0.0040746466,0.9937396
1711,right_hand,tongue,3,0.9936749339103699,0.0021276504,3.77427e-05,0.004159562,0.99367493
1712,right_hand,tongue,3,0.9929766058921814,0.00219512,3.4442746e-05,0.004793801,0.9929766
1713,right_hand,tongue,3,0.9921603798866272,0.0023873502,3.5745543e-05,0.0054165823,0.9921604
1714,right_hand,tongue,3,0.9931348562240601,0.0018681773,3.2503274e-05,0.00496445,0.99313486
1715,right_hand,tongue,3,0.9934601783752441,0.0018102385,2.8644794e-05,0.004700863,0.9934602
1716,right_hand,tongue,3,0.9929860234260559,0.0019519983,2.5960515e-05,0.005036039,0.992986
1717,right_hand,tongue,3,0.9925507307052612,0.002140525,2.3234648e-05,0.005285497,0.99255073
1718,right_hand,tongue,3,0.9926784038543701,0.002190137,2.2772105e-05,0.0051087253,0.9926784
1719,right_hand,tongue,3,0.9927910566329956,0.0020777113,2.048777e-05,0.0051106894,0.99279106
1720,right_hand,tongue,3,0.9929428696632385,0.0021162184,1.8783669e-05,0.004922026,0.99294287
1721,right_hand,tongue,3,0.9923934936523438,0.002233356,1.774686e-05,0.005355445,0.9923935
1722,right_hand,tongue,3,0.9913191199302673,0.002349904,1.650584e-05,0.0063143573,0.9913191
1723,right_hand,tongue,3,0.9907526969909668,0.002281301,1.500901e-05,0.0069510126,0.9907527
1724,right_hand,tongue,3,0.9915326237678528,0.0023402646,1.3870627e-05,0.0061132675,0.9915326
1725,right_hand,tongue,3,0.9916781187057495,0.0024468414,1.3102882e-05,0.005861948,0.9916781
1726,right_hand,tongue,3,0.9918604493141174,0.0023875835,1.2633814e-05,0.0057393853,0.99186045
1727,right_hand,tongue,3,0.9911409020423889,0.0024949939,1.30762655e-05,0.006350979,0.9911409
1728,right_hand,tongue,3,0.9905253052711487,0.0026877983,1.4451066e-05,0.0067725433,0.9905253
1729,right_hand,tongue,3,0.9910619258880615,0.0027299009,1.4990132e-05,0.0061931326,0.9910619
1730,right_hand,tongue,3,0.991438627243042,0.002721771,1.4187264e-05,0.0058253603,0.9914386
1731,right_hand,tongue,3,0.991288423538208,0.002826875,1.33541525e-05,0.0058713076,0.9912884
1732,right_hand,tongue,3,0.9909074306488037,0.0029568514,1.374146e-05,0.006121976,0.99090743
