subject,mean_accuracy,std_accuracy,run1,run2,run3,run4,run5
1,77.29166666666666,0.6804138174397686,78.47222222222221,76.38888888888889,77.08333333333334,77.08333333333334,77.43055555555556
2,48.05555555555556,2.748105407973526,46.18055555555556,47.22222222222222,51.736111111111114,44.44444444444444,50.69444444444444
3,89.72222222222221,1.02062072615966,90.625,88.54166666666666,88.54166666666666,90.97222222222221,89.93055555555556
4,67.56944444444446,3.0158403820289528,68.75,61.80555555555556,69.09722222222221,70.48611111111111,67.70833333333334
5,55.06944444444444,0.7149743153463207,54.513888888888886,54.166666666666664,54.861111111111114,55.90277777777778,55.90277777777778
6,53.19444444444444,1.0622957319984971,52.77777777777778,52.083333333333336,52.77777777777778,55.208333333333336,53.125
7,85.97222222222221,1.310275157230087,87.15277777777779,84.375,86.80555555555556,84.375,87.15277777777779
8,77.15277777777779,1.0393492741038695,76.73611111111111,79.16666666666666,76.38888888888889,77.08333333333334,76.38888888888889
9,77.84722222222221,1.3065894251546377,78.125,75.34722222222221,78.125,78.47222222222221,79.16666666666666
